pid,label,localisation,latitude,longitude,country,city,inventory,juz,sura_number,sura_title_arabic,sura_title_english,verse_recto,verse_verso,bibliography,link,comments,acquisition,latest_acquisition_date,price,provenance,order,layout,collection,thumbnail,full,manifest
f003,"Blue Qur'an, Sura Al-Baqara, 20-26, Private Collection",Private Collection,Unknown,Unknown,Unknown,Unknown,Unknown,1,2,Al-Baqara,The Cow,20,26,Sotheby's 2019,https://www.sothebys.com/en/buy/auction/2019/arts-of-the-islamic-world/a-large-quran-leaf-in-gold-kufic-script-on-blue,middle of v.20 to end of v.26,Purchased,2019,"Estimate: 400,000 - 600,000 GBP",Sotheby's 2019,000,qatar_item,bluequran,/img/derivatives/simple/f003_f003_v/thumbnail.jpg,/img/derivatives/simple/f003_f003_v/fullwidth.jpg,/img/derivatives/iiif/f003/manifest.json
f004,"Blue Qur'an, Sura Al-Baqara, 26-30, Private Collection",Private Collection,Unknown,Unknown,Unknown,Unknown,Unknown,1,2,Al-Baqara,The Cow,26,30,"Christie's, 25 November 1985, lot 83
George 2009","","",Purchased,1985,Unknown,"Christie's, 25 November 1985, lot 83",001,qatar_item,bluequran,/img/derivatives/simple/f004/thumbnail.jpg,/img/derivatives/simple/f004/fullwidth.jpg,""
f006,"Blue Qur'an, Sura Al-Baqara, 34-41, Museum of Islamic Art",Museum of Islamic Art,25.2953759,51.5394407,Qatar,Doha,Ms.8.2006,1,2,Al-Baqara,The Cow,34,41,"Sotheby's 2006
Jodidio 2008: no. 5
George 2009","
https://www.sothebys.com/en/auctions/ecatalogue/2006/arts-of-the-islamic-world-l06222/lot.3.html",surat al-baqqara (ii) vv.34-41,Purchased,2006,Unknown,Sotheby's 2006,002,qatar_item,bluequran,/img/derivatives/simple/f006_f006_r/thumbnail.jpg,/img/derivatives/simple/f006_f006_r/fullwidth.jpg,/img/derivatives/iiif/f006/manifest.json
f009,"Blue Qur'an, Sura Al-Baqara, 60-65, Chester Beatty Library",Chester Beatty Library,53.3422356,-6.2672762,Ireland,Dublin,Is 1405A,1,2,Al-Baqara,The Cow,60,65,"James 1980: no.9
George 2009",https://viewer.cbl.ie/viewer/image/Is_1405A/1/LOG_0000/,"2 folios in modern binding 
non-sequential folios from the Blue Qur'an, 2:60-65 (fol. 1) and 2:93-101 (fol. 2)",Purchased,1929,Unknown,"purchased from Aslan Sarkissian in Cairo, 1929.",003,qatar_item,bluequran,/img/derivatives/simple/f009_f009_v/thumbnail.jpg,/img/derivatives/simple/f009_f009_v/fullwidth.jpg,/img/derivatives/iiif/f009/manifest.json
f011,"Blue Qur'an, Sura Al-Baqara, 69-74, Chester Beatty Library",Chester Beatty Library,53.3422356,-6.2672762,Ireland,Dublin,Is 1405B,1,2,Al-Baqara,The Cow,69,74,"James 1980: no.9
George 2009",https://viewer.cbl.ie/viewer/image/Is_1405A/1/LOG_0000/,1 folio,Purchased,1929,Unknown,"",004,qatar_item,bluequran,/img/derivatives/simple/f011/thumbnail.jpg,/img/derivatives/simple/f011/fullwidth.jpg,""
f012,"Blue Qur'an, Sura Al-Baqara, 74-81, The Rose Trust",The Rose Trust,Unknown,Unknown,Unknown,Unknown,Unknown,1,2,Al-Baqara,The Cow,74,81,"Sotheby's, 24 October 2007, lot 7
Christie's 2018",https://rubinmuseum.org/events/exhibitions/illuminated,"https://www.sothebys.com/en/auctions/ecatalogue/2007/arts-of-the-islamic-world-including-fine-carpets-and-textiles-l07222/lot.7.html

https://www.christies.com/en/lot/lot-6162814",Purchased,2018,"GBP 512,750","Sotheby's, 24 October 2007, lot 7
Christie's 2018",005,qatar_item,bluequran,/img/derivatives/simple/f012_f012_v/thumbnail.jpg,/img/derivatives/simple/f012_f012_v/fullwidth.jpg,/img/derivatives/iiif/f012/manifest.json
f015,"Blue Qur'an, Sura Al-Baqara, 93-101, Chester Beatty Library",Chester Beatty Library,53.3422356,-6.2672762,Ireland,Dublin,Is 1405A,1,2,Al-Baqara,The Cow,93,101,"James 1980: no. 9
George 2009",https://viewer.cbl.ie/viewer/image/Is_1405A/1/LOG_0000/,"2 folios in modern binding 
non-sequential folios from the Blue Qur'an, 2:60-65 (fol. 1) and 2:93-101 (fol. 2)",Purchased,1929,Unknown,"purchased from Aslan Sarkissian in Cairo, 1929. ",006,qatar_item,bluequran,/img/derivatives/simple/f015_f015_v/thumbnail.jpg,/img/derivatives/simple/f015_f015_v/fullwidth.jpg,/img/derivatives/iiif/f015/manifest.json
f020,"Blue Qur'an, Sura Al-Baqara, 120-127, Khalili Collections",Khalili Collections,51.5072178,-0.1275862,United Kingdom,London,KFQ 53,1,2,Al-Baqara,The Cow,120,127,"Déroche 1992: no. 4
George 2009",https://www.khalilicollections.org/collections/islamic-art/khalili-collections-islamic-art-two-folios-from-the-blue-quran-kfq53/,"",Purchased,"",Unknown,"",007,qatar_item,bluequran,/img/derivatives/simple/f020_f020_v/thumbnail.jpg,/img/derivatives/simple/f020_f020_v/fullwidth.jpg,/img/derivatives/iiif/f020/manifest.json
f027,"Blue Qur'an, Sura Al-Baqara, 164-170, Al Thani Collection",Al Thani Collection,25.2854473,51.5310398,Qatar,Doha,Unknown,2,2,Al-Baqara,The Cow,164,170,"",https://www.thealthanicollection.com/fr/recently-shown-highlights/folio-from-the-blue-quran,"",Purchased,"",Unknown,"",008,qatar_item,bluequran,/img/derivatives/simple/f027/thumbnail.jpg,/img/derivatives/simple/f027/fullwidth.jpg,/img/derivatives/iiif/f027/manifest.json
f030,"Blue Qur'an, Sura Al-Baqara, 178-181, Private Collection",Private Collection,Unknown,Unknown,Unknown,Unknown,Unknown,2,2,Al-Baqara,The Cow,178,181,"Sotheby's 1997
George 2009","","",Purchased,1997,Unknown,Sotheby's 1997,009,qatar_item,bluequran,/img/derivatives/simple/f030/thumbnail.jpg,/img/derivatives/simple/f030/fullwidth.jpg,""
f032,"Blue Qur'an, Sura Al-Baqara, 183-187, Private Collection",Private Collection,Unknown,Unknown,Unknown,Unknown,Unknown,2,2,Al-Baqara,The Cow,183,187,"Sotheby's 1997
George 2009","","",Purchased,1997,Unknown,Sotheby's 1997,010,qatar_item,bluequran,/img/derivatives/simple/f032/thumbnail.jpg,/img/derivatives/simple/f032/fullwidth.jpg,""
f034,"Blue Qur'an, Sura Al-Baqara, 190-194, Private Collection",Private Collection,Unknown,Unknown,Unknown,Unknown,Unknown,2,2,Al-Baqara,The Cow,190,194,"Falk 1985
George 2009","","",Purchased,"",Unknown,"",011,qatar_item,bluequran,/img/derivatives/simple/f034/thumbnail.jpg,/img/derivatives/simple/f034/fullwidth.jpg,""
f036,"Blue Qur'an, Sura Al-Baqara, 196-200, Rifaat Sheikh al Ard collection",Rifaat Sheikh al Ard collection,24.7135517,46.6752957,Kingdom of Saudi Arabia,Riyadh,Unknown,2,2,Al-Baqara,The Cow,196,200,"Geneva 1988: cat. 4
George 2009","","1 bifolio
middle of a quire",Purchased,"",Unknown,"",012,qatar_item,bluequran,/img/derivatives/simple/f036/thumbnail.jpg,/img/derivatives/simple/f036/fullwidth.jpg,""
f037,"Blue Qur'an, Sura Al-Baqara, 200-202, Rifaat Sheikh al Ard collection",Rifaat Sheikh al Ard collection,24.7135517,46.6752957,Kingdom of Saudi Arabia,Riyadh,Unknown,2,2,Al-Baqara,The Cow,200,202,"Geneva 1988: cat. 4
George 2009","","1 bifolio
middle of a quire",Purchased,"",Unknown,"",013,qatar_item,bluequran,/img/derivatives/simple/f037/thumbnail.jpg,/img/derivatives/simple/f037/fullwidth.jpg,""
f041,"Blue Qur'an, Sura Al-Baqara, 218-221, Private Collection",Private Collection,Unknown,Unknown,Unknown,Unknown,Unknown,2,2,Al-Baqara,The Cow,218,221,"Christie's, 10 October 1989, lot 30
George 2009","","",Purchased,1989,Unknown,"Christie's, 10 October 1989, lot 30",014,qatar_item,bluequran,/img/derivatives/simple/f041/thumbnail.jpg,/img/derivatives/simple/f041/fullwidth.jpg,""
f044,"Blue Qur'an, Sura Al-Baqara, 229-233, Harvard Art Museum",Harvard Art Museum,42.3740898,-71.1143582,United States of America,"Cambridge, Massachusetts",1967.23,2,2,Al-Baqara,The Cow,229,233,"Private collection
Welch 1979: no. 4
George 2009",https://harvardartmuseums.org/collections/object/201790,"Sura 2: mid 229 - mid 231 (recto), Sura 2: 231- begin 233 (verso)",Purchased,1967,Unknown,"",015,qatar_item,bluequran,/img/derivatives/simple/f044_f044_v/thumbnail.jpg,/img/derivatives/simple/f044_f044_v/fullwidth.jpg,/img/derivatives/iiif/f044/manifest.json
f046,"Blue Qur'an, Sura Al-Baqara, 237-241, Private Collection",Private Collection,Unknown,Unknown,Unknown,Unknown,Unknown,2,2,Al-Baqara,The Cow,237,241,"Roxburgh 2007: fig. 8
George 2009",https://aaeportal-com.yale.idm.oclc.org/?id=-18104#A-18104_75,"",Purchased,"",Unknown,"",016,qatar_item,bluequran,/img/derivatives/simple/f046_f046_r/thumbnail.jpg,/img/derivatives/simple/f046_f046_r/fullwidth.jpg,/img/derivatives/iiif/f046/manifest.json
f052,"Blue Qur'an, Sura Al-Baqara, 261-267, Private Collection",Private Collection,Unknown,Unknown,Unknown,Unknown,Unknown,3,2,Al-Baqara,The Cow,261,267,"Fraser and Kwiatkowski 2006: no. 10
George 2009","","",Purchased,"",Unknown,"",017,qatar_item,bluequran,/img/derivatives/simple/f052/thumbnail.jpg,/img/derivatives/simple/f052/fullwidth.jpg,""
f053,"Blue Qur'an, Sura Al-Baqara, 267-273, Private Collection",Private Collection,Unknown,Unknown,Unknown,Unknown,Unknown,3,2,Al-Baqara,The Cow,267,273,Sotheby's 2011,https://www.sothebys.com/en/auctions/ecatalogue/2011/arts-of-the-islamic-world-evening-sale-l11229/lot.2.html,"surat al-baqarah (II), verses 267 to 273",Purchased,2011,"GBP 277,250",Sotheby's 2011,018,qatar_item,bluequran,/img/derivatives/simple/f053_f053_r/thumbnail.jpg,/img/derivatives/simple/f053_f053_r/fullwidth.jpg,/img/derivatives/iiif/f053/manifest.json
f056,"Blue Qur'an, Sura Al-Baqara, 282-286, Private Collection",Private Collection,Unknown,Unknown,Unknown,Unknown,Unknown,3,2,Al-Baqara,The Cow,282,286,Christie's 2017,https://www.christies.com/lot/lot-6065364,"Qur’an II, sura al-baqara, vv.282-286",Purchased,2017,"GBP 245,000",Christie's 2017,019,qatar_item,bluequran,/img/derivatives/simple/f056_f056_r/thumbnail.jpg,/img/derivatives/simple/f056_f056_r/fullwidth.jpg,/img/derivatives/iiif/f056/manifest.json
f058,"Blue Qur'an, Sura Al-Imran, 7-9, Qatar National Library",Qatar National Library,25.3180986,51.4416451,Doha,Qatar,QNL:00033293,3,3,Al-Imran,The House of Imran,7,9,"Sotheby's, 29 April 1998, lot 4
George 2009",https://ediscovery.qnl.qa/islandora/object/QNL%3A00033293#page/1/mode/1up/search/blue%20qur%27an, 7-9 of Surat Al-Imran,Purchased,1998,Unknown,"Sotheby's, 29 April 1998, lot 4",020,qatar_item,bluequran,/img/derivatives/simple/f058_f058_v/thumbnail.jpg,/img/derivatives/simple/f058_f058_v/fullwidth.jpg,/img/derivatives/iiif/f058/manifest.json
f060,"Blue Qur'an, Sura al-Imran, 17-24, Qatar National Library",Qatar National Library,25.3180986,51.4416451,Doha,Qatar,"	
QNL:00045737",3,3,al-Imran,The House of Imran,17,24,Christie's 2017,https://ediscovery.qnl.qa/islandora/object/QNL%3A00045737#page/1/mode/1up/search/blue%20qur%27an,"Qur’an III, sura al 'imran, middle of v.17 to middle of v.24
https://www.christies.com/lot/lot-6065363",Purchased,2017,"GBP 389,000",Christie's 2017,021,qatar_item,bluequran,/img/derivatives/simple/f060_f060_v/thumbnail.jpg,/img/derivatives/simple/f060_f060_v/fullwidth.jpg,/img/derivatives/iiif/f060/manifest.json
f062,"Blue Qur'an, Sura al-Imran, 28-31, Private Collection",Private Collection,Unknown,Unknown,Unknown,Unknown,Unknown,3,3,al-Imran,The House of Imran,28,31,"Christie's, 19 October 1993, lot 3
George 2009","","",Purchased,1993,Unknown,"Christie's, 19 October 1993, lot 3",022,qatar_item,bluequran,/img/derivatives/simple/f062/thumbnail.jpg,/img/derivatives/simple/f062/fullwidth.jpg,""
f063,"Blue Qur'an, Sura al-Imran, 31-36, Private Collection",Private Collection,Unknown,Unknown,Unknown,Unknown,Unknown,3,3,al-Imran,The House of Imran,31,36,"Sotheby's, 15 October 1998, lot 8
George 2009","","",Purchased,1998,Unknown,"Sotheby's, 15 October 1998, lot 8",023,qatar_item,bluequran,/img/derivatives/simple/f063/thumbnail.jpg,/img/derivatives/simple/f063/fullwidth.jpg,""
f065,"Blue Qur'an, Sura al-Imran, 39-47, Louvre Abu Dhabi",Louvre Abu Dhabi,24.5336954,54.3981368,United Arab Emirates,Abu Dhabi,LAD 2014.006,3,3,al-Imran,The House of Imran,39,47,"Soudavar collection, acquired from Spinks and Sons (London) in the 1970s
Sam Fogg Gallery, London, 2013",https://www.louvreabudhabi.ae/fr/Explore/highlights-of-the-collection/Page-of-the-Blue-Quran,"Sura 3 Al Imran, vs 39-47",Purchased,2014,"GBP325,000","Sam Fogg Gallery, London, 2013",024,qatar_item,bluequran,/img/derivatives/simple/f065_f065_v/thumbnail.jpg,/img/derivatives/simple/f065_f065_v/fullwidth.jpg,/img/derivatives/iiif/f065/manifest.json
f066,"Blue Qur'an, Sura al-Imran, 47-55, MFA Boston",MFA Boston,42.339381,-71.094048,United States of America,Boston,33.686,3,3,al-Imran,The House of Imran,47,55,"1931, purchased at the Exhibition of Persian Art [1] by the MFA for $85. (Accession Date: December 22, 1933)",https://collections.mfa.org/objects/17897,"Recto - Sura 3 [al-Imran, ""The House of Imran""], vv. 47-50
Verso - Sura 3 [al-Imran, ""The House of Imran""], vv. 50-55",Purchased,1931,Unknown,"",025,qatar_item,bluequran,/img/derivatives/simple/f066_f066_v/thumbnail.jpg,/img/derivatives/simple/f066_f066_v/fullwidth.jpg,/img/derivatives/iiif/f066/manifest.json
f067,"Blue Qur'an, Sura al-Imran, 55-64, London, Nasser D. Khalili Collection","London, Nasser D. Khalili Collection",51.5072178,-0.1275862,United Kingdom,London,KFQ53,3,3,al-Imran,The House of Imran,55,64,"Déroche 1992: no. 42
George 2009","",fol. 2,Purchased,"",Unknown,"",026,qatar_item,bluequran,/img/derivatives/simple/f067/thumbnail.jpg,/img/derivatives/simple/f067/fullwidth.jpg,""
f070,"Blue Qur'an, Sura al-Imran, 79-81, Private Collection",Private Collection,Unknown,Unknown,Unknown,Unknown,Unknown,3,3,al-Imran,The House of Imran,79,81,"Christie's, 16 June 1986, lot 56
George 2009","","",Purchased,1986,Unknown,"Christie's, 16 June 1986, lot 56",027,qatar_item,bluequran,/img/derivatives/simple/f070/thumbnail.jpg,/img/derivatives/simple/f070/fullwidth.jpg,""
f072,"Blue Qur'an, Sura al-Imran, 91-96, Private Collection",Private Collection,Unknown,Unknown,Unknown,Unknown,Unknown,4,3,al-Imran,The House of Imran,91,96,"Sotheby's, 15 October 1984, lot 22
George 2009","","",Purchased,1984,Unknown,"Sotheby's, 15 October 1984, lot 22",028,qatar_item,bluequran,/img/derivatives/simple/f072/thumbnail.jpg,/img/derivatives/simple/f072/fullwidth.jpg,""
f077,"Blue Qur'an, Sura Al-Imran, 127-137, Hamid Jafar Qur’an Collection",Hamid Jafar Qur’an Collection,25.3461555,55.4210932,United Arab Emirates,Sharjah,Unknown,4,3,Al-Imran,The House of Imran,127,137,"Sotheby's, 22 May 1986, lot 243
George 2009
Sharjah exhibition catalogue 2023",https://drive.google.com/drive/u/0/folders/1AQ1W2karcfkX6HUNdsfi-OIKz1BIsgUa,"",Purchased,1986,Unknown,"Sotheby's, 22 May 1986, lot 243",029,qatar_item,bluequran,/img/derivatives/simple/f077_f077_r/thumbnail.jpg,/img/derivatives/simple/f077_f077_r/fullwidth.jpg,/img/derivatives/iiif/f077/manifest.json
f083,"Blue Qur'an, Sura Al-Imran, 170-174, Private Collection",Private Collection,Unknown,Unknown,Unknown,Unknown,Unknown,4,3,Al-Imran,The House of Imran,170,174,"Sotheby's, 22 October 1993, lot 32
George 2009","","",Purchased,1993,Unknown,"Sotheby's, 22 October 1993, lot 32",030,qatar_item,bluequran,/img/derivatives/simple/f083/thumbnail.jpg,/img/derivatives/simple/f083/fullwidth.jpg,""
f084,"Blue Qur'an, Sura Al-Imran, 174-181, Hamid Jafar Qur’an Collection",Hamid Jafar Qur’an Collection,25.3461555,55.4210932,United Arab Emirates,Sharjah,Unknown,4,3,Al-Imran,The House of Imran,174,181,Sharjah exhibition catalogue 2023,"",Bifolio,Purchased,"",Unknown,"",031,qatar_item,bluequran,/img/derivatives/simple/f084_f084_v/thumbnail.jpg,/img/derivatives/simple/f084_f084_v/fullwidth.jpg,/img/derivatives/iiif/f084/manifest.json
f086,"Blue Qur'an, Sura Al-Imran, 185-188, Private Collection",Private Collection,Unknown,Unknown,Unknown,Unknown,Unknown,4,3,Al-Imran,The House of Imran,185,188,"Sotheby's (Geneva), 25 June 1985, Lot 1
George 2009","","",Purchased,1985,Unknown,"Sotheby's (Geneva), 25 June 1985, Lot 1",032,qatar_item,bluequran,/img/derivatives/simple/f086/thumbnail.jpg,/img/derivatives/simple/f086/fullwidth.jpg,""
f087,"Blue Qur'an, Sura Al-Imran, 188-192, Private Collection",Private Collection,Unknown,Unknown,Unknown,Unknown,Unknown,4,3,Al-Imran,The House of Imran,188,192,"Sotheby's, 12 October 2000, lot 5
George 2009","","",Purchased,2000,Unknown,"Sotheby's, 12 October 2000, lot 5",033,qatar_item,bluequran,/img/derivatives/simple/f087/thumbnail.jpg,/img/derivatives/simple/f087/fullwidth.jpg,""
f089,"Blue Qur'an, Sura Al-Imran
al-Nisā’, 195-200
1-2, Hamid Jafar Qur’an Collection",Hamid Jafar Qur’an Collection,25.3461555,55.4210932,United Arab Emirates,Sharjah,Unknown,4,"3
4","Al-Imran
al-Nisā’","The House of Imran
The Women",195,"200
1-2","","",Bifolio,"","",Unknown,"",034,qatar_item,bluequran,/img/derivatives/simple/f089_f089_r/thumbnail.jpg,/img/derivatives/simple/f089_f089_r/fullwidth.jpg,/img/derivatives/iiif/f089/manifest.json
f091,"Blue Qur'an, Sura al-Nisā’, 8-12, Institut du monde arabe",Institut du monde arabe,48.8489257,2.3572313,France,Paris,AI 84-09,4,4,al-Nisā’,The Women,8,12,"Guesdon and Vernay Nouri2001:no.
George 2009",https://altair.imarabe.org//notice.php?q=id:125175&lang=fr,"Sourate IV ""Les femmes"", versets 8-12 ",Purchased,"",Unknown,"",035,qatar_item,bluequran,/img/derivatives/simple/f091_f091_r/thumbnail.jpg,/img/derivatives/simple/f091_f091_r/fullwidth.jpg,/img/derivatives/iiif/f091/manifest.json
f092,"Blue Qur'an, Sura al-Nisā’, 12-17, Private Collection",Private Collection,Unknown,Unknown,Unknown,Unknown,Unknown,4,4,al-Nisā’,The Women,12,17,"Christie's 2012
Sotheby's 2015",https://www.sothebys.com/en/auctions/ecatalogue/2015/arts-islamic-world-l15220/lot.62.html,"Qur'an IV, sura al-nisa', vv. 12 (middle) - 17 (middle),
https://www.christies.com/lot/lot-5551207",Purchased,2015,"GBP 365,000","Christie's 2012
Sotheby's 2015",036,qatar_item,bluequran,/img/derivatives/simple/f092_f092_r/thumbnail.jpg,/img/derivatives/simple/f092_f092_r/fullwidth.jpg,/img/derivatives/iiif/f092/manifest.json
f094,"Blue Qur'an, Sura al-Nisā’, 19-23, Private Collection",Private Collection,Unknown,Unknown,Unknown,Unknown,Unknown,4,4,al-Nisā’,The Women,19,23,"Sotheby's, 15 October 1998, lot 7
George 2009","","",Purchased,1998,Unknown,"Sotheby's, 15 October 1998, lot 7",037,qatar_item,bluequran,/img/derivatives/simple/f094/thumbnail.jpg,/img/derivatives/simple/f094/fullwidth.jpg,""
f095,"Blue Qur'an, Sura al-Nisā’, 23-25, LACMA",LACMA,34.0639323,-118.3592293,United States of America,"Los Angeles, California",M.86.196,5,4,al-Nisā’,The Women,23,25,"Stevens and Butler eds 2003: 44
George 2009",https://collections.lacma.org/node/252330,4:23-24; 4:24-25,Gifted,"",Unknown,"The Nasli M. Heeramaneck Collection, gift of Joan Palevsky (M.86.196)",038,qatar_item,bluequran,/img/derivatives/simple/f095_f095_v/thumbnail.jpg,/img/derivatives/simple/f095_f095_v/fullwidth.jpg,/img/derivatives/iiif/f095/manifest.json
f101,"Blue Qur'an, Sura al-Nisā’, 56-59, Brooklyn Museum of Art",Brooklyn Museum of Art,40.6712062,-73.9636306,United States of America,New-York City,1995.51a-b,5,4,al-Nisā’,The Women,56,59,"",https://www.brooklynmuseum.org/opencollection/objects/153526,"",Gifted,1995,Unknown,"Prior to 1994, provenance not yet documented; by October 1994, acquired by Beatrice Riese of New York, NY; June 22, 1995, gift of Beatrice Riese to the Brooklyn Museum.",039,qatar_item,bluequran,/img/derivatives/simple/f101/thumbnail.jpg,/img/derivatives/simple/f101/fullwidth.jpg,/img/derivatives/iiif/f101/manifest.json
f101,"Blue Qur'an, Sura al-Nisā’, 56-59, Brooklyn Museum of Art",Brooklyn Museum of Art,40.6712062,-73.9636306,United States of America,New-York City,1995.51a-b,5,4,al-Nisā’,The Women,56,59,"",https://www.brooklynmuseum.org/opencollection/objects/153526,"",Gifted,1995,Unknown,"Prior to 1994, provenance not yet documented; by October 1994, acquired by Beatrice Riese of New York, NY; June 22, 1995, gift of Beatrice Riese to the Brooklyn Museum.",039,qatar_item,bluequran,/img/derivatives/simple/f101/thumbnail.jpg,/img/derivatives/simple/f101/fullwidth.jpg,/img/derivatives/iiif/f101/manifest.json
f102,"Blue Qur'an, Sura al-Nisā’, 59-62, Private Collection",Private Collection,Unknown,Unknown,Unknown,Unknown,Unknown,5,4,al-Nisā’,The Women,59,62,"Stanley 1996: item 1
George 2009","","",Purchased,"",Unknown,"",040,qatar_item,bluequran,/img/derivatives/simple/f102/thumbnail.jpg,/img/derivatives/simple/f102/fullwidth.jpg,""
f115,"Blue Qur'an, Sura al-Nisā’, 135-137, Sharjah Museum of Islamic Civilisation",Sharjah Museum of Islamic Civilisation,25.3649156,55.3891993,United Arab Emirates,Sharjah,SM 1996 - 3185,5,4,al-Nisā’,The Women,135,137,"Catalogue ""Masterpieces from the Sharjah Museum of Islamic Civilisation""",Catalogue at home. Get the pics when I get back,"",Purchased,"",Unknown,"",041,qatar_item,bluequran,/img/derivatives/simple/f115/thumbnail.jpg,/img/derivatives/simple/f115/fullwidth.jpg,""
f117,"Blue Qur'an, Sura Ar-Ra'd, 3-10, Private Collection",Private Collection,Unknown,Unknown,Unknown,Unknown,Unknown,13,13,Ar-Ra'd,The Thunder,3,10,"Stanley 1996: item 12
George 2009","",2 folios,Purchased,"",Unknown,"",042,qatar_item,bluequran,/img/derivatives/simple/f117/thumbnail.jpg,/img/derivatives/simple/f117/fullwidth.jpg,""
f120,"Blue Qur'an, Sura Ar-Ra'd, 23-31, Private Collection",Private Collection,Unknown,Unknown,Unknown,Unknown,Unknown,13,13,Ar-Ra'd,The Thunder,23,31,"Stanley 1996: item 12
George 2009","",2 folios,Purchased,"",Unknown,"",043,qatar_item,bluequran,/img/derivatives/simple/f120/thumbnail.jpg,/img/derivatives/simple/f120/fullwidth.jpg,""
f122,"Blue Qur'an, Sura al-Nahl, 61-70, Private Collection",Private Collection,Unknown,Unknown,Unknown,Unknown,Unknown,14,16,al-Nahl,The Bee,61,70,Sotheby's 2020,https://www.sothebys.com/en/buy/auction/2020/arts-of-the-islamic-world-india-including-fine-rugs-and-carpets/a-large-quran-leaf-in-gold-kufic-script-on-blue,"Surah al-Nahl (XVI), middle of v.61 to middle of v.70",Purchased,2020,"GBP 214,200",Sotheby's 2020,044,qatar_item,bluequran,/img/derivatives/simple/f122_f122_v/thumbnail.jpg,/img/derivatives/simple/f122_f122_v/fullwidth.jpg,/img/derivatives/iiif/f122/manifest.json
f124,"Blue Qur'an, Sura Al-Kahf, 1-14, Private Collection",Private Collection,Unknown,-90.1179885,Unknown,Unknown,Unknown,15,18,Al-Kahf,The Cave,1,14,"Stanley 1996: item 1
George 2009","","",Purchased,"",Unknown,"",045,qatar_item,bluequran,/img/derivatives/simple/f124/thumbnail.jpg,/img/derivatives/simple/f124/fullwidth.jpg,""
f134,"Blue Qur'an, Sura Al-Kahf, 82-90, Tareq Rajab Museum",Tareq Rajab Museum,29.315035,48.049704,Kuwait,Jabriya,Unknown,16,18,Al-Kahf,The Cave,82,90,"Safwat 1997: 3
George 2009
https://www.youtube.com/watch?v=cFzO4HvBuDE&ab_channel=%D9%85%D8%AA%D8%AD%D9%81%D8%AF%D8%A7%D8%B1%D8%A7%D9%84%D8%A7%D8%AB%D8%A7%D8%B1-%D8%A7%D9%84%D9%83%D9%88%D9%8A%D8%AADaralAtharMuseum-Kuwait (9.29)","","",Purchased,"",Unknown,"",046,qatar_item,bluequran,/img/derivatives/simple/f134/thumbnail.jpg,/img/derivatives/simple/f134/fullwidth.jpg,""
f136,"Blue Qur'an, Sura al-Furqan, -60, Aga Khan Museum",Aga Khan Museum,43.7252521,-79.3322231,Canada,Toronto,AKM477,19,25,al-Furqan,The Criterion,"",60,"",https://www.agakhanmuseum.org/collection/artifact/two-folios-from-a-manuscript-known-as-the-blue-qur-an-,"Bifolium
chapters 25 and 26 (Surat al-Furqan and Surat al-Shu’ara)",Purchased,"",Unknown,"",047,qatar_item,bluequran,/img/derivatives/simple/f136_f136_v/thumbnail.jpg,/img/derivatives/simple/f136_f136_v/fullwidth.jpg,/img/derivatives/iiif/f136/manifest.json
f143,"Blue Qur'an, Sura al-Shu’ara, 53-, Aga Khan Museum",Aga Khan Museum,43.7252521,-79.3322231,Canada,Toronto,AKM477,19,26,al-Shu’ara,The Poets,53,"","",https://www.agakhanmuseum.org/collection/artifact/two-folios-from-a-manuscript-known-as-the-blue-qur-an-,"Bifolium
chapters 25 and 26 (Surat al-Furqan and Surat al-Shu’ara)",Purchased,"",Unknown,"",048,qatar_item,bluequran,/img/derivatives/simple/f143_f143_r/thumbnail.jpg,/img/derivatives/simple/f143_f143_r/fullwidth.jpg,/img/derivatives/iiif/f143/manifest.json
f145,"Blue Qur'an, Sura Al-'Ankabut, 51-56, Beit al-Qur'an",Beit al-Qur'an,26.239773,50.5915207,Bahrein,Manama,Unknown,21,29,Al-'Ankabut,The Spider,51,56,"Nawwab 2000
George 2009","","",Purchased,"",Unknown,"",049,qatar_item,bluequran,/img/derivatives/simple/f145/thumbnail.jpg,/img/derivatives/simple/f145/fullwidth.jpg,""
f147,"Blue Qur'an, Sura al-Rum, 25-32, MET",MET,40.7794366,-73.963244,United States of America,New-York City,2004.88,21,30,al-Rum,The Byzantine Empire,25,32,George 2009,https://www.metmuseum.org/art/collection/search/454662,"recto: Quran 30:25ish to 30:28 (ending at ""mar z"")
verso: Quran 30:28 (from ""fntm"") to 30:32 (ending at wa ka)",Gifted,2004,Unknown,"Probably Great Mosque of Qairawan, Tunisia(from about 900); [ Sam Fogg, London, by 2002–4; sold to MMA]",050,qatar_item,bluequran,/img/derivatives/simple/f147_f147_v/thumbnail.jpg,/img/derivatives/simple/f147_f147_v/fullwidth.jpg,/img/derivatives/iiif/f147/manifest.json
f149,"Blue Qur'an, Sura Luqman
al-Sajdah, 34-3, Museum of Islamic Art, Raqqada","Museum of Islamic Art, Raqqada",35.612871,10.0695367,Tunisia,"Raqqada, Kairouan",Rutbi 196,21,"31
32","Luqman
al-Sajdah","Luqman
Prostration",34,3,"",https://islamicart.museumwnf.org/database_item.php?id=object;ISL;tn;Mus01;2;en,"suras Luqman (31: 34) and al-Sajdah ('Prostration' 32: 1–3).
67 folios (in total - the other folios' content is unknown)","",1986,Unknown,"After the abolition of the habus foundation in Tunisia, the National Library obtained this Qur'an in 1967. In 1983 it went back to Kairouan, to the Centre of the Islamic Arts and Civilisation of Raqqada. It has been displayed at the Raqqada Museum of Islamic Art since 1986.",051,qatar_item,bluequran,/img/derivatives/simple/f149/thumbnail.jpg,/img/derivatives/simple/f149/fullwidth.jpg,""
us000,"Blue Qur'an, Sura Unknown, Unknown-Unknown, Museum of Islamic Art, Raqqada","Museum of Islamic Art, Raqqada",35.612871,10.0695367,Tunisia,"Raqqada, Kairouan",Rutbi 196,"",Unknown,Unknown,Unknown,Unknown,Unknown,"","",67 folios,"","",Unknown,"",052,qatar_item,bluequran,/img/derivatives/simple/us000/thumbnail.jpg,/img/derivatives/simple/us000/fullwidth.jpg,""
us001,"Blue Qur'an, Sura Unknown, Unknown-Unknown, Museum of Islamic Art, Raqqada","Museum of Islamic Art, Raqqada",35.612871,10.0695367,Tunisia,"Raqqada, Kairouan",Rutbi 196,"",Unknown,Unknown,Unknown,Unknown,Unknown,"","",67 folios,"","",Unknown,"",053,qatar_item,bluequran,/img/derivatives/simple/us001/thumbnail.jpg,/img/derivatives/simple/us001/fullwidth.jpg,""
us002,"Blue Qur'an, Sura Unknown, Unknown-Unknown, Museum of Islamic Art, Raqqada","Museum of Islamic Art, Raqqada",35.612871,10.0695367,Tunisia,"Raqqada, Kairouan",Rutbi 196,"",Unknown,Unknown,Unknown,Unknown,Unknown,"","",67 folios,"","",Unknown,"",054,qatar_item,bluequran,/img/derivatives/simple/us002/thumbnail.jpg,/img/derivatives/simple/us002/fullwidth.jpg,""
us003,"Blue Qur'an, Sura Unknown, Unknown-Unknown, Museum of Islamic Art, Raqqada","Museum of Islamic Art, Raqqada",35.612871,10.0695367,Tunisia,"Raqqada, Kairouan",Rutbi 196,"",Unknown,Unknown,Unknown,Unknown,Unknown,"","",67 folios,"","",Unknown,"",055,qatar_item,bluequran,/img/derivatives/simple/us003/thumbnail.jpg,/img/derivatives/simple/us003/fullwidth.jpg,""
us004,"Blue Qur'an, Sura Unknown, Unknown-Unknown, Museum of Islamic Art, Raqqada","Museum of Islamic Art, Raqqada",35.612871,10.0695367,Tunisia,"Raqqada, Kairouan",Rutbi 196,"",Unknown,Unknown,Unknown,Unknown,Unknown,"","",67 folios,"","",Unknown,"",056,qatar_item,bluequran,/img/derivatives/simple/us004/thumbnail.jpg,/img/derivatives/simple/us004/fullwidth.jpg,""
us005,"Blue Qur'an, Sura Unknown, Unknown-Unknown, Museum of Islamic Art, Raqqada","Museum of Islamic Art, Raqqada",35.612871,10.0695367,Tunisia,"Raqqada, Kairouan",Rutbi 196,"",Unknown,Unknown,Unknown,Unknown,Unknown,"","",67 folios,"","",Unknown,"",057,qatar_item,bluequran,/img/derivatives/simple/us005/thumbnail.jpg,/img/derivatives/simple/us005/fullwidth.jpg,""
us006,"Blue Qur'an, Sura Unknown, Unknown-Unknown, Museum of Islamic Art, Raqqada","Museum of Islamic Art, Raqqada",35.612871,10.0695367,Tunisia,"Raqqada, Kairouan",Rutbi 196,"",Unknown,Unknown,Unknown,Unknown,Unknown,"","",67 folios,"","",Unknown,"",058,qatar_item,bluequran,/img/derivatives/simple/us006/thumbnail.jpg,/img/derivatives/simple/us006/fullwidth.jpg,""
us007,"Blue Qur'an, Sura Unknown, Unknown-Unknown, Museum of Islamic Art, Raqqada","Museum of Islamic Art, Raqqada",35.612871,10.0695367,Tunisia,"Raqqada, Kairouan",Rutbi 196,"",Unknown,Unknown,Unknown,Unknown,Unknown,"","",67 folios,"","",Unknown,"",059,qatar_item,bluequran,/img/derivatives/simple/us007/thumbnail.jpg,/img/derivatives/simple/us007/fullwidth.jpg,""
us008,"Blue Qur'an, Sura Unknown, Unknown-Unknown, Museum of Islamic Art, Raqqada","Museum of Islamic Art, Raqqada",35.612871,10.0695367,Tunisia,"Raqqada, Kairouan",Rutbi 196,"",Unknown,Unknown,Unknown,Unknown,Unknown,"","",67 folios,"","",Unknown,"",060,qatar_item,bluequran,/img/derivatives/simple/us008/thumbnail.jpg,/img/derivatives/simple/us008/fullwidth.jpg,""
us009,"Blue Qur'an, Sura Unknown, Unknown-Unknown, Museum of Islamic Art, Raqqada","Museum of Islamic Art, Raqqada",35.612871,10.0695367,Tunisia,"Raqqada, Kairouan",Rutbi 196,"",Unknown,Unknown,Unknown,Unknown,Unknown,"","",67 folios,"","",Unknown,"",061,qatar_item,bluequran,/img/derivatives/simple/us009/thumbnail.jpg,/img/derivatives/simple/us009/fullwidth.jpg,""
us010,"Blue Qur'an, Sura Unknown, Unknown-Unknown, Museum of Islamic Art, Raqqada","Museum of Islamic Art, Raqqada",35.612871,10.0695367,Tunisia,"Raqqada, Kairouan",Rutbi 196,"",Unknown,Unknown,Unknown,Unknown,Unknown,"","",67 folios,"","",Unknown,"",062,qatar_item,bluequran,/img/derivatives/simple/us010/thumbnail.jpg,/img/derivatives/simple/us010/fullwidth.jpg,""
us011,"Blue Qur'an, Sura Unknown, Unknown-Unknown, Museum of Islamic Art, Raqqada","Museum of Islamic Art, Raqqada",35.612871,10.0695367,Tunisia,"Raqqada, Kairouan",Rutbi 196,"",Unknown,Unknown,Unknown,Unknown,Unknown,"","",67 folios,"","",Unknown,"",063,qatar_item,bluequran,/img/derivatives/simple/us011/thumbnail.jpg,/img/derivatives/simple/us011/fullwidth.jpg,""
us012,"Blue Qur'an, Sura Unknown, Unknown-Unknown, Museum of Islamic Art, Raqqada","Museum of Islamic Art, Raqqada",35.612871,10.0695367,Tunisia,"Raqqada, Kairouan",Rutbi 196,"",Unknown,Unknown,Unknown,Unknown,Unknown,"","",67 folios,"","",Unknown,"",064,qatar_item,bluequran,/img/derivatives/simple/us012/thumbnail.jpg,/img/derivatives/simple/us012/fullwidth.jpg,""
us013,"Blue Qur'an, Sura Unknown, Unknown-Unknown, Museum of Islamic Art, Raqqada","Museum of Islamic Art, Raqqada",35.612871,10.0695367,Tunisia,"Raqqada, Kairouan",Rutbi 196,"",Unknown,Unknown,Unknown,Unknown,Unknown,"","",67 folios,"","",Unknown,"",065,qatar_item,bluequran,/img/derivatives/simple/us013/thumbnail.jpg,/img/derivatives/simple/us013/fullwidth.jpg,""
us014,"Blue Qur'an, Sura Unknown, Unknown-Unknown, Museum of Islamic Art, Raqqada","Museum of Islamic Art, Raqqada",35.612871,10.0695367,Tunisia,"Raqqada, Kairouan",Rutbi 196,"",Unknown,Unknown,Unknown,Unknown,Unknown,"","",67 folios,"","",Unknown,"",066,qatar_item,bluequran,/img/derivatives/simple/us014/thumbnail.jpg,/img/derivatives/simple/us014/fullwidth.jpg,""
us015,"Blue Qur'an, Sura Unknown, Unknown-Unknown, Museum of Islamic Art, Raqqada","Museum of Islamic Art, Raqqada",35.612871,10.0695367,Tunisia,"Raqqada, Kairouan",Rutbi 196,"",Unknown,Unknown,Unknown,Unknown,Unknown,"","",67 folios,"","",Unknown,"",067,qatar_item,bluequran,/img/derivatives/simple/us015/thumbnail.jpg,/img/derivatives/simple/us015/fullwidth.jpg,""
us016,"Blue Qur'an, Sura Unknown, Unknown-Unknown, Museum of Islamic Art, Raqqada","Museum of Islamic Art, Raqqada",35.612871,10.0695367,Tunisia,"Raqqada, Kairouan",Rutbi 196,"",Unknown,Unknown,Unknown,Unknown,Unknown,"","",67 folios,"","",Unknown,"",068,qatar_item,bluequran,/img/derivatives/simple/us016/thumbnail.jpg,/img/derivatives/simple/us016/fullwidth.jpg,""
us017,"Blue Qur'an, Sura Unknown, Unknown-Unknown, Museum of Islamic Art, Raqqada","Museum of Islamic Art, Raqqada",35.612871,10.0695367,Tunisia,"Raqqada, Kairouan",Rutbi 196,"",Unknown,Unknown,Unknown,Unknown,Unknown,"","",67 folios,"","",Unknown,"",069,qatar_item,bluequran,/img/derivatives/simple/us017/thumbnail.jpg,/img/derivatives/simple/us017/fullwidth.jpg,""
us018,"Blue Qur'an, Sura Unknown, Unknown-Unknown, Museum of Islamic Art, Raqqada","Museum of Islamic Art, Raqqada",35.612871,10.0695367,Tunisia,"Raqqada, Kairouan",Rutbi 196,"",Unknown,Unknown,Unknown,Unknown,Unknown,"","",67 folios,"","",Unknown,"",070,qatar_item,bluequran,/img/derivatives/simple/us018/thumbnail.jpg,/img/derivatives/simple/us018/fullwidth.jpg,""
us019,"Blue Qur'an, Sura Unknown, Unknown-Unknown, Museum of Islamic Art, Raqqada","Museum of Islamic Art, Raqqada",35.612871,10.0695367,Tunisia,"Raqqada, Kairouan",Rutbi 196,"",Unknown,Unknown,Unknown,Unknown,Unknown,"","",67 folios,"","",Unknown,"",071,qatar_item,bluequran,/img/derivatives/simple/us019/thumbnail.jpg,/img/derivatives/simple/us019/fullwidth.jpg,""
us020,"Blue Qur'an, Sura Unknown, Unknown-Unknown, Museum of Islamic Art, Raqqada","Museum of Islamic Art, Raqqada",35.612871,10.0695367,Tunisia,"Raqqada, Kairouan",Rutbi 196,"",Unknown,Unknown,Unknown,Unknown,Unknown,"","",67 folios,"","",Unknown,"",072,qatar_item,bluequran,/img/derivatives/simple/us020/thumbnail.jpg,/img/derivatives/simple/us020/fullwidth.jpg,""
us021,"Blue Qur'an, Sura Unknown, Unknown-Unknown, Museum of Islamic Art, Raqqada","Museum of Islamic Art, Raqqada",35.612871,10.0695367,Tunisia,"Raqqada, Kairouan",Rutbi 196,"",Unknown,Unknown,Unknown,Unknown,Unknown,"","",67 folios,"","",Unknown,"",073,qatar_item,bluequran,/img/derivatives/simple/us021/thumbnail.jpg,/img/derivatives/simple/us021/fullwidth.jpg,""
us022,"Blue Qur'an, Sura Unknown, Unknown-Unknown, Museum of Islamic Art, Raqqada","Museum of Islamic Art, Raqqada",35.612871,10.0695367,Tunisia,"Raqqada, Kairouan",Rutbi 196,"",Unknown,Unknown,Unknown,Unknown,Unknown,"","",67 folios,"","",Unknown,"",074,qatar_item,bluequran,/img/derivatives/simple/us022/thumbnail.jpg,/img/derivatives/simple/us022/fullwidth.jpg,""
us023,"Blue Qur'an, Sura Unknown, Unknown-Unknown, Museum of Islamic Art, Raqqada","Museum of Islamic Art, Raqqada",35.612871,10.0695367,Tunisia,"Raqqada, Kairouan",Rutbi 196,"",Unknown,Unknown,Unknown,Unknown,Unknown,"","",67 folios,"","",Unknown,"",075,qatar_item,bluequran,/img/derivatives/simple/us023/thumbnail.jpg,/img/derivatives/simple/us023/fullwidth.jpg,""
us024,"Blue Qur'an, Sura Unknown, Unknown-Unknown, Museum of Islamic Art, Raqqada","Museum of Islamic Art, Raqqada",35.612871,10.0695367,Tunisia,"Raqqada, Kairouan",Rutbi 196,"",Unknown,Unknown,Unknown,Unknown,Unknown,"","",67 folios,"","",Unknown,"",076,qatar_item,bluequran,/img/derivatives/simple/us024/thumbnail.jpg,/img/derivatives/simple/us024/fullwidth.jpg,""
us025,"Blue Qur'an, Sura Unknown, Unknown-Unknown, Museum of Islamic Art, Raqqada","Museum of Islamic Art, Raqqada",35.612871,10.0695367,Tunisia,"Raqqada, Kairouan",Rutbi 196,"",Unknown,Unknown,Unknown,Unknown,Unknown,"","",67 folios,"","",Unknown,"",077,qatar_item,bluequran,/img/derivatives/simple/us025/thumbnail.jpg,/img/derivatives/simple/us025/fullwidth.jpg,""
us026,"Blue Qur'an, Sura Unknown, Unknown-Unknown, Museum of Islamic Art, Raqqada","Museum of Islamic Art, Raqqada",35.612871,10.0695367,Tunisia,"Raqqada, Kairouan",Rutbi 196,"",Unknown,Unknown,Unknown,Unknown,Unknown,"","",67 folios,"","",Unknown,"",078,qatar_item,bluequran,/img/derivatives/simple/us026/thumbnail.jpg,/img/derivatives/simple/us026/fullwidth.jpg,""
us027,"Blue Qur'an, Sura Unknown, Unknown-Unknown, Museum of Islamic Art, Raqqada","Museum of Islamic Art, Raqqada",35.612871,10.0695367,Tunisia,"Raqqada, Kairouan",Rutbi 196,"",Unknown,Unknown,Unknown,Unknown,Unknown,"","",67 folios,"","",Unknown,"",079,qatar_item,bluequran,/img/derivatives/simple/us027/thumbnail.jpg,/img/derivatives/simple/us027/fullwidth.jpg,""
us028,"Blue Qur'an, Sura Unknown, Unknown-Unknown, Museum of Islamic Art, Raqqada","Museum of Islamic Art, Raqqada",35.612871,10.0695367,Tunisia,"Raqqada, Kairouan",Rutbi 196,"",Unknown,Unknown,Unknown,Unknown,Unknown,"","",67 folios,"","",Unknown,"",080,qatar_item,bluequran,/img/derivatives/simple/us028/thumbnail.jpg,/img/derivatives/simple/us028/fullwidth.jpg,""
us029,"Blue Qur'an, Sura Unknown, Unknown-Unknown, Museum of Islamic Art, Raqqada","Museum of Islamic Art, Raqqada",35.612871,10.0695367,Tunisia,"Raqqada, Kairouan",Rutbi 196,"",Unknown,Unknown,Unknown,Unknown,Unknown,"","",67 folios,"","",Unknown,"",081,qatar_item,bluequran,/img/derivatives/simple/us029/thumbnail.jpg,/img/derivatives/simple/us029/fullwidth.jpg,""
us030,"Blue Qur'an, Sura Unknown, Unknown-Unknown, Museum of Islamic Art, Raqqada","Museum of Islamic Art, Raqqada",35.612871,10.0695367,Tunisia,"Raqqada, Kairouan",Rutbi 196,"",Unknown,Unknown,Unknown,Unknown,Unknown,"","",67 folios,"","",Unknown,"",082,qatar_item,bluequran,/img/derivatives/simple/us030/thumbnail.jpg,/img/derivatives/simple/us030/fullwidth.jpg,""
us031,"Blue Qur'an, Sura Unknown, Unknown-Unknown, Museum of Islamic Art, Raqqada","Museum of Islamic Art, Raqqada",35.612871,10.0695367,Tunisia,"Raqqada, Kairouan",Rutbi 196,"",Unknown,Unknown,Unknown,Unknown,Unknown,"","",67 folios,"","",Unknown,"",083,qatar_item,bluequran,/img/derivatives/simple/us031/thumbnail.jpg,/img/derivatives/simple/us031/fullwidth.jpg,""
us032,"Blue Qur'an, Sura Unknown, Unknown-Unknown, Museum of Islamic Art, Raqqada","Museum of Islamic Art, Raqqada",35.612871,10.0695367,Tunisia,"Raqqada, Kairouan",Rutbi 196,"",Unknown,Unknown,Unknown,Unknown,Unknown,"","",67 folios,"","",Unknown,"",084,qatar_item,bluequran,/img/derivatives/simple/us032/thumbnail.jpg,/img/derivatives/simple/us032/fullwidth.jpg,""
us033,"Blue Qur'an, Sura Unknown, Unknown-Unknown, Museum of Islamic Art, Raqqada","Museum of Islamic Art, Raqqada",35.612871,10.0695367,Tunisia,"Raqqada, Kairouan",Rutbi 196,"",Unknown,Unknown,Unknown,Unknown,Unknown,"","",67 folios,"","",Unknown,"",085,qatar_item,bluequran,/img/derivatives/simple/us033/thumbnail.jpg,/img/derivatives/simple/us033/fullwidth.jpg,""
us034,"Blue Qur'an, Sura Unknown, Unknown-Unknown, Museum of Islamic Art, Raqqada","Museum of Islamic Art, Raqqada",35.612871,10.0695367,Tunisia,"Raqqada, Kairouan",Rutbi 196,"",Unknown,Unknown,Unknown,Unknown,Unknown,"","",67 folios,"","",Unknown,"",086,qatar_item,bluequran,/img/derivatives/simple/us034/thumbnail.jpg,/img/derivatives/simple/us034/fullwidth.jpg,""
us035,"Blue Qur'an, Sura Unknown, Unknown-Unknown, Museum of Islamic Art, Raqqada","Museum of Islamic Art, Raqqada",35.612871,10.0695367,Tunisia,"Raqqada, Kairouan",Rutbi 196,"",Unknown,Unknown,Unknown,Unknown,Unknown,"","",67 folios,"","",Unknown,"",087,qatar_item,bluequran,/img/derivatives/simple/us035/thumbnail.jpg,/img/derivatives/simple/us035/fullwidth.jpg,""
us036,"Blue Qur'an, Sura Unknown, Unknown-Unknown, Museum of Islamic Art, Raqqada","Museum of Islamic Art, Raqqada",35.612871,10.0695367,Tunisia,"Raqqada, Kairouan",Rutbi 196,"",Unknown,Unknown,Unknown,Unknown,Unknown,"","",67 folios,"","",Unknown,"",088,qatar_item,bluequran,/img/derivatives/simple/us036/thumbnail.jpg,/img/derivatives/simple/us036/fullwidth.jpg,""
us037,"Blue Qur'an, Sura Unknown, Unknown-Unknown, Museum of Islamic Art, Raqqada","Museum of Islamic Art, Raqqada",35.612871,10.0695367,Tunisia,"Raqqada, Kairouan",Rutbi 196,"",Unknown,Unknown,Unknown,Unknown,Unknown,"","",67 folios,"","",Unknown,"",089,qatar_item,bluequran,/img/derivatives/simple/us037/thumbnail.jpg,/img/derivatives/simple/us037/fullwidth.jpg,""
us038,"Blue Qur'an, Sura Unknown, Unknown-Unknown, Museum of Islamic Art, Raqqada","Museum of Islamic Art, Raqqada",35.612871,10.0695367,Tunisia,"Raqqada, Kairouan",Rutbi 196,"",Unknown,Unknown,Unknown,Unknown,Unknown,"","",67 folios,"","",Unknown,"",090,qatar_item,bluequran,/img/derivatives/simple/us038/thumbnail.jpg,/img/derivatives/simple/us038/fullwidth.jpg,""
us039,"Blue Qur'an, Sura Unknown, Unknown-Unknown, Museum of Islamic Art, Raqqada","Museum of Islamic Art, Raqqada",35.612871,10.0695367,Tunisia,"Raqqada, Kairouan",Rutbi 196,"",Unknown,Unknown,Unknown,Unknown,Unknown,"","",67 folios,"","",Unknown,"",091,qatar_item,bluequran,/img/derivatives/simple/us039/thumbnail.jpg,/img/derivatives/simple/us039/fullwidth.jpg,""
us040,"Blue Qur'an, Sura Unknown, Unknown-Unknown, Museum of Islamic Art, Raqqada","Museum of Islamic Art, Raqqada",35.612871,10.0695367,Tunisia,"Raqqada, Kairouan",Rutbi 196,"",Unknown,Unknown,Unknown,Unknown,Unknown,"","",67 folios,"","",Unknown,"",092,qatar_item,bluequran,/img/derivatives/simple/us040/thumbnail.jpg,/img/derivatives/simple/us040/fullwidth.jpg,""
us041,"Blue Qur'an, Sura Unknown, Unknown-Unknown, Museum of Islamic Art, Raqqada","Museum of Islamic Art, Raqqada",35.612871,10.0695367,Tunisia,"Raqqada, Kairouan",Rutbi 196,"",Unknown,Unknown,Unknown,Unknown,Unknown,"","",67 folios,"","",Unknown,"",093,qatar_item,bluequran,/img/derivatives/simple/us041/thumbnail.jpg,/img/derivatives/simple/us041/fullwidth.jpg,""
us042,"Blue Qur'an, Sura Unknown, Unknown-Unknown, Museum of Islamic Art, Raqqada","Museum of Islamic Art, Raqqada",35.612871,10.0695367,Tunisia,"Raqqada, Kairouan",Rutbi 196,"",Unknown,Unknown,Unknown,Unknown,Unknown,"","",67 folios,"","",Unknown,"",094,qatar_item,bluequran,/img/derivatives/simple/us042/thumbnail.jpg,/img/derivatives/simple/us042/fullwidth.jpg,""
us043,"Blue Qur'an, Sura Unknown, Unknown-Unknown, Museum of Islamic Art, Raqqada","Museum of Islamic Art, Raqqada",35.612871,10.0695367,Tunisia,"Raqqada, Kairouan",Rutbi 196,"",Unknown,Unknown,Unknown,Unknown,Unknown,"","",67 folios,"","",Unknown,"",095,qatar_item,bluequran,/img/derivatives/simple/us043/thumbnail.jpg,/img/derivatives/simple/us043/fullwidth.jpg,""
us044,"Blue Qur'an, Sura Unknown, Unknown-Unknown, Museum of Islamic Art, Raqqada","Museum of Islamic Art, Raqqada",35.612871,10.0695367,Tunisia,"Raqqada, Kairouan",Rutbi 196,"",Unknown,Unknown,Unknown,Unknown,Unknown,"","",67 folios,"","",Unknown,"",096,qatar_item,bluequran,/img/derivatives/simple/us044/thumbnail.jpg,/img/derivatives/simple/us044/fullwidth.jpg,""
us045,"Blue Qur'an, Sura Unknown, Unknown-Unknown, Museum of Islamic Art, Raqqada","Museum of Islamic Art, Raqqada",35.612871,10.0695367,Tunisia,"Raqqada, Kairouan",Rutbi 196,"",Unknown,Unknown,Unknown,Unknown,Unknown,"","",67 folios,"","",Unknown,"",097,qatar_item,bluequran,/img/derivatives/simple/us045/thumbnail.jpg,/img/derivatives/simple/us045/fullwidth.jpg,""
us046,"Blue Qur'an, Sura Unknown, Unknown-Unknown, Museum of Islamic Art, Raqqada","Museum of Islamic Art, Raqqada",35.612871,10.0695367,Tunisia,"Raqqada, Kairouan",Rutbi 196,"",Unknown,Unknown,Unknown,Unknown,Unknown,"","",67 folios,"","",Unknown,"",098,qatar_item,bluequran,/img/derivatives/simple/us046/thumbnail.jpg,/img/derivatives/simple/us046/fullwidth.jpg,""
us047,"Blue Qur'an, Sura Unknown, Unknown-Unknown, Museum of Islamic Art, Raqqada","Museum of Islamic Art, Raqqada",35.612871,10.0695367,Tunisia,"Raqqada, Kairouan",Rutbi 196,"",Unknown,Unknown,Unknown,Unknown,Unknown,"","",67 folios,"","",Unknown,"",099,qatar_item,bluequran,/img/derivatives/simple/us047/thumbnail.jpg,/img/derivatives/simple/us047/fullwidth.jpg,""
us048,"Blue Qur'an, Sura Unknown, Unknown-Unknown, Museum of Islamic Art, Raqqada","Museum of Islamic Art, Raqqada",35.612871,10.0695367,Tunisia,"Raqqada, Kairouan",Rutbi 196,"",Unknown,Unknown,Unknown,Unknown,Unknown,"","",67 folios,"","",Unknown,"",100,qatar_item,bluequran,/img/derivatives/simple/us048/thumbnail.jpg,/img/derivatives/simple/us048/fullwidth.jpg,""
us049,"Blue Qur'an, Sura Unknown, Unknown-Unknown, Museum of Islamic Art, Raqqada","Museum of Islamic Art, Raqqada",35.612871,10.0695367,Tunisia,"Raqqada, Kairouan",Rutbi 196,"",Unknown,Unknown,Unknown,Unknown,Unknown,"","",67 folios,"","",Unknown,"",101,qatar_item,bluequran,/img/derivatives/simple/us049/thumbnail.jpg,/img/derivatives/simple/us049/fullwidth.jpg,""
us050,"Blue Qur'an, Sura Unknown, Unknown-Unknown, Museum of Islamic Art, Raqqada","Museum of Islamic Art, Raqqada",35.612871,10.0695367,Tunisia,"Raqqada, Kairouan",Rutbi 196,"",Unknown,Unknown,Unknown,Unknown,Unknown,"","",67 folios,"","",Unknown,"",102,qatar_item,bluequran,/img/derivatives/simple/us050/thumbnail.jpg,/img/derivatives/simple/us050/fullwidth.jpg,""
us051,"Blue Qur'an, Sura Unknown, Unknown-Unknown, Museum of Islamic Art, Raqqada","Museum of Islamic Art, Raqqada",35.612871,10.0695367,Tunisia,"Raqqada, Kairouan",Rutbi 196,"",Unknown,Unknown,Unknown,Unknown,Unknown,"","",67 folios,"","",Unknown,"",103,qatar_item,bluequran,/img/derivatives/simple/us051/thumbnail.jpg,/img/derivatives/simple/us051/fullwidth.jpg,""
us052,"Blue Qur'an, Sura Unknown, Unknown-Unknown, Museum of Islamic Art, Raqqada","Museum of Islamic Art, Raqqada",35.612871,10.0695367,Tunisia,"Raqqada, Kairouan",Rutbi 196,"",Unknown,Unknown,Unknown,Unknown,Unknown,"","",67 folios,"","",Unknown,"",104,qatar_item,bluequran,/img/derivatives/simple/us052/thumbnail.jpg,/img/derivatives/simple/us052/fullwidth.jpg,""
us053,"Blue Qur'an, Sura Unknown, Unknown-Unknown, Museum of Islamic Art, Raqqada","Museum of Islamic Art, Raqqada",35.612871,10.0695367,Tunisia,"Raqqada, Kairouan",Rutbi 196,"",Unknown,Unknown,Unknown,Unknown,Unknown,"","",67 folios,"","",Unknown,"",105,qatar_item,bluequran,/img/derivatives/simple/us053/thumbnail.jpg,/img/derivatives/simple/us053/fullwidth.jpg,""
us054,"Blue Qur'an, Sura Unknown, Unknown-Unknown, Museum of Islamic Art, Raqqada","Museum of Islamic Art, Raqqada",35.612871,10.0695367,Tunisia,"Raqqada, Kairouan",Rutbi 196,"",Unknown,Unknown,Unknown,Unknown,Unknown,"","",67 folios,"","",Unknown,"",106,qatar_item,bluequran,/img/derivatives/simple/us054/thumbnail.jpg,/img/derivatives/simple/us054/fullwidth.jpg,""
us055,"Blue Qur'an, Sura Unknown, Unknown-Unknown, Museum of Islamic Art, Raqqada","Museum of Islamic Art, Raqqada",35.612871,10.0695367,Tunisia,"Raqqada, Kairouan",Rutbi 196,"",Unknown,Unknown,Unknown,Unknown,Unknown,"","",67 folios,"","",Unknown,"",107,qatar_item,bluequran,/img/derivatives/simple/us055/thumbnail.jpg,/img/derivatives/simple/us055/fullwidth.jpg,""
us056,"Blue Qur'an, Sura Unknown, Unknown-Unknown, Museum of Islamic Art, Raqqada","Museum of Islamic Art, Raqqada",35.612871,10.0695367,Tunisia,"Raqqada, Kairouan",Rutbi 196,"",Unknown,Unknown,Unknown,Unknown,Unknown,"","",67 folios,"","",Unknown,"",108,qatar_item,bluequran,/img/derivatives/simple/us056/thumbnail.jpg,/img/derivatives/simple/us056/fullwidth.jpg,""
us057,"Blue Qur'an, Sura Unknown, Unknown-Unknown, Museum of Islamic Art, Raqqada","Museum of Islamic Art, Raqqada",35.612871,10.0695367,Tunisia,"Raqqada, Kairouan",Rutbi 196,"",Unknown,Unknown,Unknown,Unknown,Unknown,"","",67 folios,"","",Unknown,"",109,qatar_item,bluequran,/img/derivatives/simple/us057/thumbnail.jpg,/img/derivatives/simple/us057/fullwidth.jpg,""
us058,"Blue Qur'an, Sura Unknown, Unknown-Unknown, Museum of Islamic Art, Raqqada","Museum of Islamic Art, Raqqada",35.612871,10.0695367,Tunisia,"Raqqada, Kairouan",Rutbi 196,"",Unknown,Unknown,Unknown,Unknown,Unknown,"","",67 folios,"","",Unknown,"",110,qatar_item,bluequran,/img/derivatives/simple/us058/thumbnail.jpg,/img/derivatives/simple/us058/fullwidth.jpg,""
us059,"Blue Qur'an, Sura Unknown, Unknown-Unknown, Museum of Islamic Art, Raqqada","Museum of Islamic Art, Raqqada",35.612871,10.0695367,Tunisia,"Raqqada, Kairouan",Rutbi 196,"",Unknown,Unknown,Unknown,Unknown,Unknown,"","",67 folios,"","",Unknown,"",111,qatar_item,bluequran,/img/derivatives/simple/us059/thumbnail.jpg,/img/derivatives/simple/us059/fullwidth.jpg,""
us060,"Blue Qur'an, Sura Unknown, Unknown-Unknown, Museum of Islamic Art, Raqqada","Museum of Islamic Art, Raqqada",35.612871,10.0695367,Tunisia,"Raqqada, Kairouan",Rutbi 196,"",Unknown,Unknown,Unknown,Unknown,Unknown,"","",67 folios,"","",Unknown,"",112,qatar_item,bluequran,/img/derivatives/simple/us060/thumbnail.jpg,/img/derivatives/simple/us060/fullwidth.jpg,""
us061,"Blue Qur'an, Sura Unknown, Unknown-Unknown, Museum of Islamic Art, Raqqada","Museum of Islamic Art, Raqqada",35.612871,10.0695367,Tunisia,"Raqqada, Kairouan",Rutbi 196,"",Unknown,Unknown,Unknown,Unknown,Unknown,"","",67 folios,"","",Unknown,"",113,qatar_item,bluequran,/img/derivatives/simple/us061/thumbnail.jpg,/img/derivatives/simple/us061/fullwidth.jpg,""
us062,"Blue Qur'an, Sura Unknown, Unknown-Unknown, Museum of Islamic Art, Raqqada","Museum of Islamic Art, Raqqada",35.612871,10.0695367,Tunisia,"Raqqada, Kairouan",Rutbi 196,"",Unknown,Unknown,Unknown,Unknown,Unknown,"","",67 folios,"","",Unknown,"",114,qatar_item,bluequran,/img/derivatives/simple/us062/thumbnail.jpg,/img/derivatives/simple/us062/fullwidth.jpg,""
us063,"Blue Qur'an, Sura Unknown, Unknown-Unknown, Museum of Islamic Art, Raqqada","Museum of Islamic Art, Raqqada",35.612871,10.0695367,Tunisia,"Raqqada, Kairouan",Rutbi 196,"",Unknown,Unknown,Unknown,Unknown,Unknown,"","",67 folios,"","",Unknown,"",115,qatar_item,bluequran,/img/derivatives/simple/us063/thumbnail.jpg,/img/derivatives/simple/us063/fullwidth.jpg,""
us064,"Blue Qur'an, Sura Unknown, Unknown-Unknown, Museum of Islamic Art, Raqqada","Museum of Islamic Art, Raqqada",35.612871,10.0695367,Tunisia,"Raqqada, Kairouan",Rutbi 196,"",Unknown,Unknown,Unknown,Unknown,Unknown,"","",67 folios,"","",Unknown,"",116,qatar_item,bluequran,/img/derivatives/simple/us064/thumbnail.jpg,/img/derivatives/simple/us064/fullwidth.jpg,""
us065,"Blue Qur'an, Sura Unknown, Unknown-Unknown, Museum of Islamic Art, Raqqada","Museum of Islamic Art, Raqqada",35.612871,10.0695367,Tunisia,"Raqqada, Kairouan",Rutbi 196,"",Unknown,Unknown,Unknown,Unknown,Unknown,"","",67 folios,"","",Unknown,"",117,qatar_item,bluequran,/img/derivatives/simple/us065/thumbnail.jpg,/img/derivatives/simple/us065/fullwidth.jpg,""
us066,"Blue Qur'an, Sura , -, Musée du Bardo",Musée du Bardo,36.8094589,10.1340362,Tunisia,Tunis,"","","","","","","","",http://www.bardomuseum.tn/index.php?option=com_content&view=article&id=101%3Aenfant-docteur-et-saisons&catid=47%3Akariaoun-et-mahdia&Itemid=74&lang=en,3 feuillets et une double page ,"","",Unknown,"",118,qatar_item,bluequran,/img/derivatives/simple/us066/thumbnail.jpg,/img/derivatives/simple/us066/fullwidth.jpg,""
us067,"Blue Qur'an, Sura , -, Musée du Bardo",Musée du Bardo,36.8094589,10.1340362,Tunisia,Tunis,"","","","","","","","",http://www.bardomuseum.tn/index.php?option=com_content&view=article&id=101%3Aenfant-docteur-et-saisons&catid=47%3Akariaoun-et-mahdia&Itemid=74&lang=en,3 feuillets et une double page ,"","",Unknown,"",119,qatar_item,bluequran,/img/derivatives/simple/us067/thumbnail.jpg,/img/derivatives/simple/us067/fullwidth.jpg,""
us068,"Blue Qur'an, Sura , -, Musée du Bardo",Musée du Bardo,36.8094589,10.1340362,Tunisia,Tunis,"","","","","","","","",http://www.bardomuseum.tn/index.php?option=com_content&view=article&id=101%3Aenfant-docteur-et-saisons&catid=47%3Akariaoun-et-mahdia&Itemid=74&lang=en,3 feuillets et une double page ,"","",Unknown,"",120,qatar_item,bluequran,/img/derivatives/simple/us068/thumbnail.jpg,/img/derivatives/simple/us068/fullwidth.jpg,""
us069,"Blue Qur'an, Sura , -, Musée du Bardo",Musée du Bardo,36.8094589,10.1340362,Tunisia,Tunis,"","","","","","","","",http://www.bardomuseum.tn/index.php?option=com_content&view=article&id=101%3Aenfant-docteur-et-saisons&catid=47%3Akariaoun-et-mahdia&Itemid=74&lang=en,3 feuillets et une double page ,"","",Unknown,"",121,qatar_item,bluequran,/img/derivatives/simple/us069/thumbnail.jpg,/img/derivatives/simple/us069/fullwidth.jpg,""
us070,"Blue Qur'an, Sura , -, Musée du Bardo",Musée du Bardo,36.8094589,10.1340362,Tunisia,Tunis,"","","","","","","","",http://www.bardomuseum.tn/index.php?option=com_content&view=article&id=101%3Aenfant-docteur-et-saisons&catid=47%3Akariaoun-et-mahdia&Itemid=74&lang=en,3 feuillets et une double page ,"","",Unknown,"",122,qatar_item,bluequran,/img/derivatives/simple/us070/thumbnail.jpg,/img/derivatives/simple/us070/fullwidth.jpg,""
us071,"Blue Qur'an, Sura , -, Islamic Arts Museum Malaysia",Islamic Arts Museum Malaysia,3.1418458,101.6899992,Malaysia,Kuala Lumpur,2011.9.32,"","","","","","","",https://iamm.org.my/galleries/quran-manuscript,Email sent,"","",Unknown,"",123,qatar_item,bluequran,/img/derivatives/simple/us071/thumbnail.jpg,/img/derivatives/simple/us071/fullwidth.jpg,""
us072,"Blue Qur'an, Sura , -, Zayed National Museum",Zayed National Museum,24.5334947,54.4061629,United Arab Emirates,Abu Dhabi,ZNM 2009.00026,"","","","","","","","",Bifolium 1,"","",Unknown,"",124,qatar_item,bluequran,/img/derivatives/simple/us072/thumbnail.jpg,/img/derivatives/simple/us072/fullwidth.jpg,""
us073,"Blue Qur'an, Sura , -, Zayed National Museum",Zayed National Museum,24.5334947,54.4061629,United Arab Emirates,Abu Dhabi,ZNM 2009.00026,"","","","","","","","",Bifolium 1,"","",Unknown,"",125,qatar_item,bluequran,/img/derivatives/simple/us073/thumbnail.jpg,/img/derivatives/simple/us073/fullwidth.jpg,""
us074,"Blue Qur'an, Sura , -, Zayed National Museum",Zayed National Museum,24.5334947,54.4061629,United Arab Emirates,Abu Dhabi,ZNM 2009.00026.002,"","","","","","","","",Bifolium 2,"","",Unknown,"",126,qatar_item,bluequran,/img/derivatives/simple/us074/thumbnail.jpg,/img/derivatives/simple/us074/fullwidth.jpg,""
us075,"Blue Qur'an, Sura , -, Zayed National Museum",Zayed National Museum,24.5334947,54.4061629,United Arab Emirates,Abu Dhabi,ZNM 2009.00026.002,"","","","","","","","",Bifolium 2,"","",Unknown,"",127,qatar_item,bluequran,/img/derivatives/simple/us075/thumbnail.jpg,/img/derivatives/simple/us075/fullwidth.jpg,""
us076,"Blue Qur'an, Sura , -, Zayed National Museum",Zayed National Museum,24.5334947,54.4061629,United Arab Emirates,Abu Dhabi,ZNM 2009.00026.001,"","","","","","","","",single folio,"","",Unknown,"",128,qatar_item,bluequran,/img/derivatives/simple/us076/thumbnail.jpg,/img/derivatives/simple/us076/fullwidth.jpg,""
us077,"Blue Qur'an, Sura , -, Zayed National Museum",Zayed National Museum,24.5334947,54.4061629,United Arab Emirates,Abu Dhabi,M.2015.01788,"","","","","","","","","","","",Unknown,"",129,qatar_item,bluequran,/img/derivatives/simple/us077/thumbnail.jpg,/img/derivatives/simple/us077/fullwidth.jpg,""
us078,"Blue Qur'an, Sura , -, Seattle Art Museum",Seattle Art Museum,47.6075253,-122.3379599,United States of America,Seattle,69.37,"","","","","","","",https://art.seattleartmuseum.org/objects/5815/folio-from-the-dispersed-blue-quran;jsessionid=9432B808B4FF6AA8CA53F2FDC5BB8690,Email sent,Purchased,1969,Unknown,"69.37 – Purchased from Mark Lansburgh, Colorado College, 30 January 1969",130,qatar_item,bluequran,/img/derivatives/simple/us078/thumbnail.jpg,/img/derivatives/simple/us078/fullwidth.jpg,""
us079,"Blue Qur'an, Sura , -, The Lygo Collection",The Lygo Collection,Unknown,Unknown,Unknown,Unknown,Unknown,"","","","","","","","","","","",Unknown,"",131,qatar_item,bluequran,/img/derivatives/simple/us079/thumbnail.jpg,/img/derivatives/simple/us079/fullwidth.jpg,""
us080,"Blue Qur'an, Sura , -, Denver Art Museum",Denver Art Museum,39.7371878,-104.9893451,United States of America,Denver,Bj Averitt Islamic Art Fund. 1999.78,"","","","","","","",https://www.denverartmuseum.org/en/object/1999.78,Email sent,Gifted,1999,Unknown,"At least 1936, Dr. Rudolf Meyer-Riefstahl [b.1880, d. 1936], by descent to his granddaughter; 1999, DAM collection, gift of the BJ Averitt Islamic Art Fund.",132,qatar_item,bluequran,/img/derivatives/simple/us080/thumbnail.jpg,/img/derivatives/simple/us080/fullwidth.jpg,""
